Model,MAE,RMSE,R2
Random Forest (Full Data),0.6048990858506714,1.0078641700170348,0.8365610633202832
XGBoost (Full Data),0.6045113902779,1.0190706786535313,0.832906279988851
