Model,MAE,RMSE,R2
XGBoost,0.600879775998209,0.9980781004380679,0.8397213069906642
Random Forest,0.6182363321449099,0.9996231035465594,0.8392247070901806
