Model,MAE,RMSE,R2
Random Forest,0.6156272958782714,1.0198077943536934,0.8326644676164345
XGBoost,0.6066722521598641,1.0254985954346105,0.8307917025642466
