Model,MAE,RMSE,R2
Linear Regression,1.8508073539047758,3.9139628354545426,0.4557671404973138
Ridge,1.8503975046008936,3.913485087863294,0.45589999309718
Lasso,1.8283636250326474,3.9401412327632763,0.44846263078354387
